Bin,Expected_%,Actual_%,PSI_contrib
1,10.0,0.0,1.151294
2,10.0,2.0,0.128752
3,10.0,13.5,0.010504
4,10.0,13.5,0.010504
5,10.0,25.5,0.145094
6,10.0,22.5,0.101366
7,10.0,15.5,0.024104
8,10.0,5.5,0.026902
9,10.0,1.5,0.16125
10,10.0,0.5,0.284577
