Bin,Expected_%,Actual_%,PSI_contrib
1,10.0,3.5,0.068237
2,10.0,4.5,0.043917
3,10.0,8.0,0.004463
4,10.0,11.5,0.002096
5,10.0,12.5,0.005579
6,10.0,16.5,0.03255
7,10.0,16.0,0.0282
8,10.0,10.5,0.000244
9,10.0,9.5,0.000256
10,10.0,7.5,0.007192
