Bin,Expected_%,Actual_%,PSI_contrib
1,10.0,5.0,0.034657
2,10.0,8.5,0.002438
3,10.0,10.0,0.0
4,10.0,9.5,0.000256
5,10.0,12.5,0.005579
6,10.0,14.5,0.01672
7,10.0,15.5,0.024104
8,10.0,9.5,0.000256
9,10.0,7.0,0.0107
10,10.0,8.0,0.004463
