Feature,Mean_SHAP,Rank
checkingstatus1,0.64810854,1
duration,0.36199406,2
savings,0.29200178,3
history,0.24718246,4
amount,0.24636288,5
employ,0.18347101,6
otherplans,0.16528608,7
property,0.1538589,8
purpose,0.13143544,9
age,0.11775416,10
installment,0.114738196,11
status,0.10785053,12
tele,0.05823077,13
housing,0.053512048,14
cards,0.05129273,15
others,0.04469289,16
job,0.03583814,17
liable,0.035580616,18
residence,0.030577261,19
foreign,0.009480952,20
